channel,Unsubscribed,MIS_DT,UPDATED_DT,UNSUBSCRIBED_DT,UnsubscriptionDate
sb8blog,1,1.70609E+12,1.70611E+12,1706302800000,26/01/2024
sb8blog,1,1.70609E+12,1.70611E+12,1706302800000,26/01/2024
sb8blog,1,1.70609E+12,1.70647E+12,1706475600000,28/01/2024
sb8blog,1,1.70609E+12,1.70652E+12,1706562000000,29/01/2024
sb8blog,1,1.70638E+12,1.7065E+12,1706562000000,29/01/2024
sb8blog,1,1.70609E+12,1.70762E+12,1707685200000,11/02/2024
sb8blog,1,1.70609E+12,1.70802E+12,1708030800000,15/02/2024
sb8blog,1,1.70609E+12,1.70832E+12,1708376400000,19/02/2024
sb8blog,1,1.70609E+12,1.7088E+12,1708808400000,24/02/2024
sb8blog,1,1.70611E+12,1.70918E+12,1709240400000,29/02/2024
sb8blog,1,1.70609E+12,1.70953E+12,1709586000000,04/03/2024
sb8blog,1,1.70806E+12,1.70961E+12,1709672400000,05/03/2024
sb8blog,1,1.70638E+12,1.70998E+12,1710018000000,09/03/2024
sb8blog,1,1.70609E+12,1.71024E+12,1710277200000,12/03/2024
sb8blog,1,1.70609E+12,1.71067E+12,1710709200000,17/03/2024
sb8blog,1,1.70609E+12,1.71153E+12,1711573200000,27/03/2024
sb8blog,1,1.70609E+12,1.71208E+12,1712091600000,02/04/2024
sb8blog,1,1.71225E+12,1.71231E+12,1712350800000,05/04/2024
sb8blog,1,1.70609E+12,1.71255E+12,1712610000000,08/04/2024
sb8blog,1,1.70609E+12,1.71283E+12,1712869200000,11/04/2024
sb8blog,1,1.70611E+12,1.71292E+12,1712955600000,12/04/2024
sb8blog,1,1.70609E+12,1.71387E+12,1713906000000,23/04/2024
sb8blog,1,1.70609E+12,1.71407E+12,1714078800000,25/04/2024
sb8blog,1,1.7126E+12,1.71402E+12,1714078800000,25/04/2024
sb8blog,1,1.7067E+12,1.7141E+12,1714165200000,26/04/2024
sb8blog,1,1.70983E+12,1.71433E+12,1714338000000,28/04/2024
sb8blog,1,1.70609E+12,1.71511E+12,1715115600000,07/05/2024
sb8blog,1,1.70609E+12,1.71514E+12,1715202000000,08/05/2024
sb8blog,1,1.70609E+12,1.71519E+12,1715202000000,08/05/2024
sb8blog,1,1.70609E+12,1.71542E+12,1715461200000,11/05/2024
sb8blog,1,1.70638E+12,1.71542E+12,1715461200000,11/05/2024
sb8blog,1,1.70998E+12,1.7156E+12,1715634000000,13/05/2024
sb8blog,1,1.71044E+12,1.7156E+12,1715634000000,13/05/2024
sb8blog,1,1.70609E+12,1.71568E+12,1715720400000,14/05/2024
sb8blog,1,1.71508E+12,1.71568E+12,1715720400000,14/05/2024
sb8blog,1,1.71269E+12,1.71629E+12,1716325200000,21/05/2024
sb8blog,1,1.70609E+12,1.71675E+12,1716757200000,26/05/2024
sb8blog,1,1.70886E+12,1.71715E+12,1717189200000,31/05/2024
sb8blog,1,1.71585E+12,1.7186E+12,1718658000000,17/06/2024
sb8blog,1,1.71601E+12,1.7186E+12,1718658000000,17/06/2024
sb8blog,1,1.70609E+12,1.71868E+12,1718744400000,18/06/2024
sb8blog,1,1.70611E+12,1.71966E+12,1719694800000,29/06/2024
sb8blog,1,1.71722E+12,1.72102E+12,1721077200000,15/07/2024
sb8blog,1,1.71001E+12,1.72113E+12,1721163600000,16/07/2024
sb8blog,1,1.7213E+12,1.7213E+12,1721336400000,18/07/2024
sb8blog,1,1.71464E+12,1.72223E+12,1722286800000,29/07/2024
sb8blog,1,1.70609E+12,1.72245E+12,1722459600000,31/07/2024
sb8blog,1,1.70609E+12,1.72249E+12,1722546000000,01/08/2024
sb8blog,1,1.7164E+12,1.72259E+12,1722632400000,02/08/2024
sb8blog,1,1.70611E+12,1.72294E+12,1722978000000,06/08/2024
sb8blog,1,1.7215E+12,1.72346E+12,1723496400000,12/08/2024
sb8blog,1,1.70609E+12,1.72354E+12,1723582800000,13/08/2024
sb8blog,1,1.71946E+12,1.72392E+12,1723928400000,17/08/2024
sb8blog,1,1.70609E+12,1.724E+12,1724014800000,18/08/2024
sb8blog,1,1.70609E+12,1.72441E+12,1724446800000,23/08/2024
sb8blog,1,1.72323E+12,1.72447E+12,1724533200000,24/08/2024
sb8blog,1,1.70611E+12,1.72905E+12,1725397200000,03/09/2024
sb8blog,1,1.70611E+12,1.72905E+12,1725397200000,03/09/2024
sb8blog,1,1.70609E+12,1.72905E+12,1725397200000,03/09/2024
sb8blog,1,1.70609E+12,1.72897E+12,1725397200000,03/09/2024
sb8blog,1,1.70611E+12,1.72905E+12,1725397200000,03/09/2024
sb8blog,1,1.70609E+12,1.72905E+12,1725397200000,03/09/2024
sb8blog,1,1.70611E+12,1.72905E+12,1725397200000,03/09/2024
sb8blog,1,1.70611E+12,1.72905E+12,1725397200000,03/09/2024
sb8blog,1,1.70609E+12,1.72905E+12,1725397200000,03/09/2024
sb8blog,1,1.70609E+12,1.72905E+12,1725397200000,03/09/2024
sb8blog,1,1.70609E+12,1.72905E+12,1725397200000,03/09/2024
sb8blog,1,1.70609E+12,1.72905E+12,1725397200000,03/09/2024
sb8blog,1,1.70611E+12,1.72905E+12,1725397200000,03/09/2024
sb8blog,1,1.70611E+12,1.72905E+12,1725397200000,03/09/2024
sb8blog,1,1.70609E+12,1.72905E+12,1725397200000,03/09/2024
sb8blog,1,1.70609E+12,1.72905E+12,1725397200000,03/09/2024
sb8blog,1,1.70611E+12,1.72905E+12,1725397200000,03/09/2024
sb8blog,1,1.70609E+12,1.72905E+12,1725397200000,03/09/2024
sb8blog,1,1.70609E+12,1.72905E+12,1725397200000,03/09/2024
sb8blog,1,1.70609E+12,1.72905E+12,1725397200000,03/09/2024
sb8blog,1,1.70611E+12,1.72905E+12,1725397200000,03/09/2024
sb8blog,1,1.70609E+12,1.72905E+12,1725397200000,03/09/2024
sb8blog,1,1.70609E+12,1.72905E+12,1725397200000,03/09/2024
sb8blog,1,1.70609E+12,1.72905E+12,1725397200000,03/09/2024
sb8blog,1,1.70611E+12,1.72905E+12,1725397200000,03/09/2024
sb8blog,1,1.70609E+12,1.72905E+12,1725397200000,03/09/2024
sb8blog,1,1.70609E+12,1.72905E+12,1725397200000,03/09/2024
sb8blog,1,1.70609E+12,1.72905E+12,1725397200000,03/09/2024
sb8blog,1,1.70609E+12,1.72905E+12,1725397200000,03/09/2024
sb8blog,1,1.70611E+12,1.72905E+12,1725397200000,03/09/2024
sb8blog,1,1.70609E+12,1.72905E+12,1725397200000,03/09/2024
sb8blog,1,1.70609E+12,1.72905E+12,1725397200000,03/09/2024
sb8blog,1,1.70609E+12,1.72905E+12,1725397200000,03/09/2024
sb8blog,1,1.70609E+12,1.72905E+12,1725397200000,03/09/2024
sb8blog,1,1.70609E+12,1.72905E+12,1725397200000,03/09/2024
sb8blog,1,1.70609E+12,1.72905E+12,1725397200000,03/09/2024
sb8blog,1,1.70611E+12,1.72905E+12,1725397200000,03/09/2024
sb8blog,1,1.70609E+12,1.72905E+12,1725397200000,03/09/2024
sb8blog,1,1.70609E+12,1.72905E+12,1725397200000,03/09/2024
sb8blog,1,1.70609E+12,1.72905E+12,1725397200000,03/09/2024
sb8blog,1,1.70609E+12,1.72905E+12,1725397200000,03/09/2024
sb8blog,1,1.70609E+12,1.72905E+12,1725397200000,03/09/2024
sb8blog,1,1.70611E+12,1.72905E+12,1725397200000,03/09/2024
sb8blog,1,1.70609E+12,1.72905E+12,1725397200000,03/09/2024
sb8blog,1,1.70611E+12,1.72905E+12,1725397200000,03/09/2024
sb8blog,1,1.70609E+12,1.72905E+12,1725397200000,03/09/2024
sb8blog,1,1.70611E+12,1.72905E+12,1725397200000,03/09/2024
sb8blog,1,1.70609E+12,1.72905E+12,1725397200000,03/09/2024
sb8blog,1,1.70611E+12,1.72905E+12,1725397200000,03/09/2024
sb8blog,1,1.70611E+12,1.72905E+12,1725397200000,03/09/2024
sb8blog,1,1.70609E+12,1.72905E+12,1725397200000,03/09/2024
sb8blog,1,1.70611E+12,1.72905E+12,1725397200000,03/09/2024
sb8blog,1,1.70609E+12,1.72905E+12,1725397200000,03/09/2024
sb8blog,1,1.70609E+12,1.72905E+12,1725397200000,03/09/2024
sb8blog,1,1.70609E+12,1.72905E+12,1725397200000,03/09/2024
sb8blog,1,1.70609E+12,1.72905E+12,1725397200000,03/09/2024
sb8blog,1,1.70611E+12,1.72905E+12,1725397200000,03/09/2024
sb8blog,1,1.70611E+12,1.72905E+12,1725397200000,03/09/2024
sb8blog,1,1.70611E+12,1.72905E+12,1725397200000,03/09/2024
sb8blog,1,1.70609E+12,1.72905E+12,1725397200000,03/09/2024
sb8blog,1,1.71125E+12,1.72469E+12,1725397200000,03/09/2024
sb8blog,1,1.71862E+12,1.72494E+12,1725397200000,03/09/2024
sb8blog,1,1.72067E+12,1.72494E+12,1725397200000,03/09/2024
sb8blog,1,1.72098E+12,1.7247E+12,1725397200000,03/09/2024
sb8blog,1,1.72395E+12,1.72494E+12,1725397200000,03/09/2024
sb8blog,1,1.70609E+12,1.72905E+12,1725483600000,04/09/2024
sb8blog,1,1.70609E+12,1.72905E+12,1725483600000,04/09/2024
sb8blog,1,1.70609E+12,1.72905E+12,1725483600000,04/09/2024
sb8blog,1,1.70611E+12,1.72905E+12,1725483600000,04/09/2024
sb8blog,1,1.70609E+12,1.72905E+12,1725483600000,04/09/2024
sb8blog,1,1.70611E+12,1.72905E+12,1725483600000,04/09/2024
sb8blog,1,1.70611E+12,1.72905E+12,1725483600000,04/09/2024
sb8blog,1,1.70609E+12,1.72905E+12,1725483600000,04/09/2024
sb8blog,1,1.70609E+12,1.72905E+12,1725483600000,04/09/2024
sb8blog,1,1.70609E+12,1.72905E+12,1725483600000,04/09/2024
sb8blog,1,1.70609E+12,1.72905E+12,1725483600000,04/09/2024
sb8blog,1,1.70611E+12,1.72905E+12,1725483600000,04/09/2024
sb8blog,1,1.70609E+12,1.72905E+12,1725483600000,04/09/2024
sb8blog,1,1.70611E+12,1.72905E+12,1725483600000,04/09/2024
sb8blog,1,1.70609E+12,1.72905E+12,1725483600000,04/09/2024
sb8blog,1,1.70611E+12,1.72905E+12,1725483600000,04/09/2024
sb8blog,1,1.70609E+12,1.72905E+12,1725483600000,04/09/2024
sb8blog,1,1.70609E+12,1.72905E+12,1725483600000,04/09/2024
sb8blog,1,1.70609E+12,1.72905E+12,1725483600000,04/09/2024
sb8blog,1,1.70609E+12,1.72905E+12,1725483600000,04/09/2024
sb8blog,1,1.70611E+12,1.72905E+12,1725483600000,04/09/2024
sb8blog,1,1.70611E+12,1.72905E+12,1725483600000,04/09/2024
sb8blog,1,1.70609E+12,1.72905E+12,1725483600000,04/09/2024
sb8blog,1,1.70609E+12,1.72905E+12,1725483600000,04/09/2024
sb8blog,1,1.70611E+12,1.72905E+12,1725483600000,04/09/2024
sb8blog,1,1.70609E+12,1.72905E+12,1725483600000,04/09/2024
sb8blog,1,1.70611E+12,1.72905E+12,1725483600000,04/09/2024
sb8blog,1,1.70609E+12,1.72905E+12,1725483600000,04/09/2024
sb8blog,1,1.70609E+12,1.72905E+12,1725483600000,04/09/2024
sb8blog,1,1.70609E+12,1.72905E+12,1725483600000,04/09/2024
sb8blog,1,1.70609E+12,1.72905E+12,1725483600000,04/09/2024
sb8blog,1,1.70609E+12,1.72905E+12,1725483600000,04/09/2024
sb8blog,1,1.70609E+12,1.72905E+12,1725483600000,04/09/2024
sb8blog,1,1.70609E+12,1.72905E+12,1725483600000,04/09/2024
sb8blog,1,1.70609E+12,1.72905E+12,1725483600000,04/09/2024
sb8blog,1,1.70609E+12,1.72546E+12,1726779600000,19/09/2024
sb8blog,1,1.70641E+12,1.72546E+12,1726779600000,19/09/2024
sb8blog,1,1.7065E+12,1.72546E+12,1726779600000,19/09/2024
sb8blog,1,1.72691E+12,1.72706E+12,1727125200000,23/09/2024
sb8blog,1,1.70609E+12,1.72715E+12,1727211600000,24/09/2024
sb8blog,1,1.71191E+12,1.72717E+12,1727211600000,24/09/2024
sb8blog,1,1.72064E+12,1.72715E+12,1727211600000,24/09/2024
sb8blog,1,1.72546E+12,1.72734E+12,1727384400000,26/09/2024
sb8blog,1,1.70611E+12,1.72755E+12,1727557200000,28/09/2024
sb8blog,1,1.72546E+12,1.72786E+12,1727902800000,02/10/2024
sb8blog,1,1.72188E+12,1.72798E+12,1727989200000,03/10/2024
sb8blog,1,1.72741E+12,1.72864E+12,1728680400000,11/10/2024
sb8blog,1,1.71286E+12,1.72881E+12,1728853200000,13/10/2024
sb8blog,1,1.70609E+12,1.72888E+12,1728939600000,14/10/2024
sb8blog,1,1.71087E+12,1.7289E+12,1728939600000,14/10/2024
sb8blog,1,1.72366E+12,1.72888E+12,1728939600000,14/10/2024
